{"cameraMode":{"drawMode":0,"name":"Shaded","section":"Shading Mode"},"sceneLighting":false,"audioPlay":false,"sceneViewState":{"showFog":true,"showMaterialUpdate":false,"showSkybox":false,"showFlares":true,"showImageEffects":true,"showParticleSystems":true},"in2DMode":false,"pivot":{"x":-0.0012496709823608399,"y":0.946263313293457,"z":-2.3131179809570314},"rotation":{"x":0.4290008842945099,"y":0.30004534125328066,"z":-0.15358881652355195,"w":0.8380863070487976},"size":0.9974396228790283,"orthographic":false}