{"cameraMode":{"drawMode":0,"name":"Shaded","section":"Shading Mode"},"sceneLighting":true,"audioPlay":false,"sceneViewState":{"showFog":true,"showMaterialUpdate":false,"showSkybox":true,"showFlares":true,"showImageEffects":true,"showParticleSystems":true},"in2DMode":false,"pivot":{"x":6.219022274017334,"y":0.8364393711090088,"z":-1.034895658493042},"rotation":{"x":-0.060009200125932696,"y":0.9303408861160278,"z":-0.17712056636810304,"w":-0.3155564069747925},"size":1.0345078706741334,"orthographic":false}