{"cameraMode":{"drawMode":0,"name":"Shaded","section":"Shading Mode"},"sceneLighting":true,"audioPlay":false,"sceneViewState":{"showFog":true,"showMaterialUpdate":true,"showSkybox":true,"showFlares":true,"showImageEffects":true,"showParticleSystems":true},"in2DMode":false,"pivot":{"x":-0.1320791095495224,"y":0.9062472581863403,"z":0.28027576208114626},"rotation":{"x":-0.002705742372199893,"y":0.997292697429657,"z":-0.050906047224998477,"w":-0.05300788953900337},"size":2.6718251705169679,"orthographic":false}