{"cameraMode":{"drawMode":0,"name":"Shaded","section":"Shading Mode"},"sceneLighting":false,"audioPlay":false,"sceneViewState":{"showFog":true,"showMaterialUpdate":false,"showSkybox":false,"showFlares":true,"showImageEffects":true,"showParticleSystems":true},"in2DMode":false,"pivot":{"x":-0.03221595287322998,"y":0.9466665983200073,"z":-2.3130605220794679},"rotation":{"x":0.057330913841724399,"y":0.2192179411649704,"z":-0.012902691029012204,"w":0.9739146828651428},"size":1.0001263618469239,"orthographic":false}