{"cameraMode":{"drawMode":0,"name":"Shaded","section":"Shading Mode"},"sceneLighting":true,"audioPlay":false,"sceneViewState":{"showFog":true,"showMaterialUpdate":false,"showSkybox":false,"showFlares":true,"showImageEffects":true,"showParticleSystems":true},"in2DMode":false,"pivot":{"x":-11.996291160583496,"y":0.8354892730712891,"z":-2.326399803161621},"rotation":{"x":0.4015723764896393,"y":-0.07951829582452774,"z":0.03502519428730011,"w":0.9116963744163513},"size":1.019700050354004,"orthographic":false}