{"cameraMode":{"drawMode":0,"name":"Shaded","section":"Shading Mode"},"sceneLighting":true,"audioPlay":false,"sceneViewState":{"showFog":true,"showMaterialUpdate":false,"showSkybox":true,"showFlares":true,"showImageEffects":true,"showParticleSystems":true},"in2DMode":false,"pivot":{"x":0.3621468245983124,"y":0.8637751340866089,"z":-2.340237855911255},"rotation":{"x":0.1140248253941536,"y":0.021458718925714494,"z":-0.0024608003441244365,"w":0.9932533502578735},"size":0.9974396228790283,"orthographic":true}