{"cameraMode":{"drawMode":0,"name":"Shaded","section":"Shading Mode"},"sceneLighting":true,"audioPlay":false,"sceneViewState":{"showFog":true,"showMaterialUpdate":false,"showSkybox":true,"showFlares":true,"showImageEffects":true,"showParticleSystems":true},"in2DMode":false,"pivot":{"x":-1.4409314393997193,"y":0.8109836578369141,"z":0.6893929839134216},"rotation":{"x":-0.18217553198337556,"y":0.8177812099456787,"z":-0.3908163607120514,"w":-0.3812049925327301},"size":5.407395362854004,"orthographic":false}