{"cameraMode":{"drawMode":0,"name":"Shaded","section":"Shading Mode"},"sceneLighting":true,"audioPlay":false,"sceneViewState":{"showFog":true,"showMaterialUpdate":false,"showSkybox":true,"showFlares":true,"showImageEffects":true,"showParticleSystems":true},"in2DMode":false,"pivot":{"x":14.17297649383545,"y":1.2704218626022339,"z":3.2062571048736574},"rotation":{"x":-0.10685671865940094,"y":0.8586574792861939,"z":-0.1995186060667038,"w":-0.4598730504512787},"size":0.04922063648700714,"orthographic":false}