{"cameraMode":{"drawMode":0,"name":"Shaded","section":"Shading Mode"},"sceneLighting":true,"audioPlay":false,"sceneViewState":{"showFog":true,"showMaterialUpdate":false,"showSkybox":true,"showFlares":true,"showImageEffects":true,"showParticleSystems":true},"in2DMode":false,"pivot":{"x":-9.821556091308594,"y":-0.3041869103908539,"z":-8.745573997497559},"rotation":{"x":-0.010686845518648625,"y":0.7969812154769898,"z":-0.6037457585334778,"w":-0.014107380993664265},"size":5.988809585571289,"orthographic":false}