{"cameraMode":{"drawMode":0,"name":"Shaded","section":"Shading Mode"},"sceneLighting":true,"audioPlay":false,"sceneViewState":{"showFog":true,"showMaterialUpdate":false,"showSkybox":true,"showFlares":true,"showImageEffects":true,"showParticleSystems":true},"in2DMode":false,"pivot":{"x":-4.40799617767334,"y":0.021242380142211915,"z":6.263052940368652},"rotation":{"x":-0.12322529405355454,"y":-0.754888117313385,"z":0.6268531680107117,"w":-0.14839337766170503},"size":15.594988822937012,"orthographic":false}